id,-|title|-,-|node_summary|-,-|body:value|-,-|field_vactory_date_interval:value|-,-|field_vactory_date_interval:end_value|-,-|field_vactory_excerpt:value|-,media|field_vactory_media|image,media|field_vactory_media|image_alt,term|field_vactory_taxonomy_1|+,term|field_vactory_taxonomy_2|+
1,Event 01,Event 01 description,"Nam commodo suscipit quam. Ut varius tincidunt libero. Praesent congue erat at massa. Sed lectus.
Morbi vestibulum volutpat enim. Curabitur ullamcorper ultricies nisi. Donec vitae sapien ut libero venenatis faucibus. Nam eget dui.",2024-01-01,2024-02-01,"Nulla neque dolor, sagittis eget, iaculis quis, molestie non, velit. Pellentesque posuere. Quisque rutrum. Morbi vestibulum volutpat enim.
Donec orci lectus, aliquam ut, faucibus non, euismod id, nulla. Sed magna purus, fermentum eu, tincidunt eu, varius ut, felis.",https://www.dropbox.com/scl/fi/chpdhv3rue8758p4a25ul/image_01.jpeg?rlkey=sms8jnzj1aejpu9krvr5pfv97&dl=1,demo 01,Category 01,Agadir
2,Event 02,Event 02 description,"Proin magna. Sed mollis, eros et ultrices tempus, mauris ipsum aliquam libero, non adipiscing dolor urna a orci.
Praesent egestas neque eu enim. Vestibulum eu odio. Nulla consequat massa quis enim.",2024-01-02,2024-02-02,"Phasellus tempus. Nullam vel sem. Duis arcu tortor, suscipit eget, imperdiet nec, imperdiet iaculis, ipsum.
Vestibulum ullamcorper mauris at ligula. Nullam accumsan lorem in dui. Suspendisse eu ligula. Nullam cursus lacinia erat.",https://www.dropbox.com/scl/fi/nxmwrw9buo2fz61m7upun/image_02.jpeg?rlkey=30cwblpjjwqw2g55ab4k83m19&dl=1,demo 02,Category 02,Casablanca
3,Event 03,Event 03 description,"Nulla neque dolor, sagittis eget, iaculis quis, molestie non, velit. Pellentesque posuere. Quisque rutrum. Morbi vestibulum volutpat enim.
Donec orci lectus, aliquam ut, faucibus non, euismod id, nulla. Sed magna purus, fermentum eu, tincidunt eu, varius ut, felis.",2024-01-03,2024-02-03,"In ac felis quis tortor malesuada pretium. Vivamus quis mi. Aenean commodo ligula eget dolor. 
Vivamus quis mi. Curabitur blandit mollis lacus. Phasellus gravida semper nisi. Proin magna.",https://www.dropbox.com/scl/fi/l9rpkmum81ukiha1xk4af/image_03.jpeg?rlkey=zbfemsnrxurczfz0qmcxsh992&dl=1,demo 03,Category 03,Marrakech
4,Event 04,Event 04 description,"Phasellus tempus. Nullam vel sem. Duis arcu tortor, suscipit eget, imperdiet nec, imperdiet iaculis, ipsum.
Vestibulum ullamcorper mauris at ligula. Nullam accumsan lorem in dui. Suspendisse eu ligula. Nullam cursus lacinia erat.",2024-01-04,2024-02-04,"Nam commodo suscipit quam. Ut varius tincidunt libero. Praesent congue erat at massa. Sed lectus.
Morbi vestibulum volutpat enim. Curabitur ullamcorper ultricies nisi. Donec vitae sapien ut libero venenatis faucibus. Nam eget dui.",https://www.dropbox.com/scl/fi/lqu79ugbjijmb8zz5o6wd/image_04.jpeg?rlkey=0nrzafn1m0c7unvo49mte7bc8&dl=1,demo 04,Category 01,Rabat
5,Event 05,Event 05 description,"In ac felis quis tortor malesuada pretium. Vivamus quis mi. Aenean commodo ligula eget dolor. 
Vivamus quis mi. Curabitur blandit mollis lacus. Phasellus gravida semper nisi. Proin magna.",2024-01-05,2024-02-05,"Proin magna. Sed mollis, eros et ultrices tempus, mauris ipsum aliquam libero, non adipiscing dolor urna a orci.
Praesent egestas neque eu enim. Vestibulum eu odio. Nulla consequat massa quis enim.",https://www.dropbox.com/scl/fi/kd989kr9qfni7klcs07t0/image_05.jpeg?rlkey=f324rocn5tp63m05hwcjakj90&dl=1,demo 05,Category 02,Agadir
6,Event 06,Event 06 description,"Nam commodo suscipit quam. Ut varius tincidunt libero. Praesent congue erat at massa. Sed lectus.
Morbi vestibulum volutpat enim. Curabitur ullamcorper ultricies nisi. Donec vitae sapien ut libero venenatis faucibus. Nam eget dui.",2024-01-06,2024-02-06,"Nulla neque dolor, sagittis eget, iaculis quis, molestie non, velit. Pellentesque posuere. Quisque rutrum. Morbi vestibulum volutpat enim.
Donec orci lectus, aliquam ut, faucibus non, euismod id, nulla. Sed magna purus, fermentum eu, tincidunt eu, varius ut, felis.",https://www.dropbox.com/scl/fi/chpdhv3rue8758p4a25ul/image_01.jpeg?rlkey=sms8jnzj1aejpu9krvr5pfv97&dl=1,demo 06,Category 03,Casablanca
7,Event 07,Event 07 description,"Proin magna. Sed mollis, eros et ultrices tempus, mauris ipsum aliquam libero, non adipiscing dolor urna a orci.
Praesent egestas neque eu enim. Vestibulum eu odio. Nulla consequat massa quis enim.",2024-01-07,2024-02-07,"Phasellus tempus. Nullam vel sem. Duis arcu tortor, suscipit eget, imperdiet nec, imperdiet iaculis, ipsum.
Vestibulum ullamcorper mauris at ligula. Nullam accumsan lorem in dui. Suspendisse eu ligula. Nullam cursus lacinia erat.",https://www.dropbox.com/scl/fi/nxmwrw9buo2fz61m7upun/image_02.jpeg?rlkey=30cwblpjjwqw2g55ab4k83m19&dl=1,demo 07,Category 01,Marrakech
8,Event 08,Event 08 description,"Nulla neque dolor, sagittis eget, iaculis quis, molestie non, velit. Pellentesque posuere. Quisque rutrum. Morbi vestibulum volutpat enim.
Donec orci lectus, aliquam ut, faucibus non, euismod id, nulla. Sed magna purus, fermentum eu, tincidunt eu, varius ut, felis.",2024-01-08,2024-02-08,"In ac felis quis tortor malesuada pretium. Vivamus quis mi. Aenean commodo ligula eget dolor. 
Vivamus quis mi. Curabitur blandit mollis lacus. Phasellus gravida semper nisi. Proin magna.",https://www.dropbox.com/scl/fi/l9rpkmum81ukiha1xk4af/image_03.jpeg?rlkey=zbfemsnrxurczfz0qmcxsh992&dl=1,demo 08,Category 02,Rabat
9,Event 09,Event 09 description,"Phasellus tempus. Nullam vel sem. Duis arcu tortor, suscipit eget, imperdiet nec, imperdiet iaculis, ipsum.
Vestibulum ullamcorper mauris at ligula. Nullam accumsan lorem in dui. Suspendisse eu ligula. Nullam cursus lacinia erat.",2024-01-09,2024-02-09,"Nam commodo suscipit quam. Ut varius tincidunt libero. Praesent congue erat at massa. Sed lectus.
Morbi vestibulum volutpat enim. Curabitur ullamcorper ultricies nisi. Donec vitae sapien ut libero venenatis faucibus. Nam eget dui.",https://www.dropbox.com/scl/fi/lqu79ugbjijmb8zz5o6wd/image_04.jpeg?rlkey=0nrzafn1m0c7unvo49mte7bc8&dl=1,demo 09,Category 03,Agadir
10,Event 10,Event 10 description,"In ac felis quis tortor malesuada pretium. Vivamus quis mi. Aenean commodo ligula eget dolor. 
Vivamus quis mi. Curabitur blandit mollis lacus. Phasellus gravida semper nisi. Proin magna.",2024-01-10,2024-02-10,"Proin magna. Sed mollis, eros et ultrices tempus, mauris ipsum aliquam libero, non adipiscing dolor urna a orci.
Praesent egestas neque eu enim. Vestibulum eu odio. Nulla consequat massa quis enim.",https://www.dropbox.com/scl/fi/kd989kr9qfni7klcs07t0/image_05.jpeg?rlkey=f324rocn5tp63m05hwcjakj90&dl=1,demo 10,Category 01,Casablanca
11,Event 11,Event 11 description,"Nam commodo suscipit quam. Ut varius tincidunt libero. Praesent congue erat at massa. Sed lectus.
Morbi vestibulum volutpat enim. Curabitur ullamcorper ultricies nisi. Donec vitae sapien ut libero venenatis faucibus. Nam eget dui.",2024-01-11,2024-02-11,"Nam commodo suscipit quam. Ut varius tincidunt libero. Praesent congue erat at massa. Sed lectus.
Morbi vestibulum volutpat enim. Curabitur ullamcorper ultricies nisi. Donec vitae sapien ut libero venenatis faucibus. Nam eget dui.",https://www.dropbox.com/scl/fi/chpdhv3rue8758p4a25ul/image_01.jpeg?rlkey=sms8jnzj1aejpu9krvr5pfv97&dl=1,demo 11,Category 02,Marrakech
12,Event 12,Event 12 description,"Proin magna. Sed mollis, eros et ultrices tempus, mauris ipsum aliquam libero, non adipiscing dolor urna a orci.
Praesent egestas neque eu enim. Vestibulum eu odio. Nulla consequat massa quis enim.",2024-01-12,2024-02-12,"Proin magna. Sed mollis, eros et ultrices tempus, mauris ipsum aliquam libero, non adipiscing dolor urna a orci.
Praesent egestas neque eu enim. Vestibulum eu odio. Nulla consequat massa quis enim.",https://www.dropbox.com/scl/fi/nxmwrw9buo2fz61m7upun/image_02.jpeg?rlkey=30cwblpjjwqw2g55ab4k83m19&dl=1,demo 12,Category 03,Rabat