id,title,body,theme,image,date
120,نموذج 1 : لوريم ايبسوم دولار سيت أميت ,"<p>كونسيكتيتور أدايبا يسكينج أليايت,سيت دو أيوسمود تيمبور

أنكايديديونتيوت لابوري ات دولار ماجنا أليكيوا.</p>

",42,https://backend.vactory.lecontenaire.com/sites/default/files/2023-03/pexels-nina-hill-9123067.jpg,2019-06-19
13,نموذج 2 : لوريم ايبسوم دولار سيت أميت ,"<p>كونسيكتيتور أدايبا يسكينج أليايت,سيت دو أيوسمود تيمبور

أنكايديديونتيوت لابوري ات دولار ماجنا أليكيوا.</p>

<p>Vivamus aliquet elit ac nisl. Quisque rutrum. Pellentesque egestas, neque sit amet convallis pulvinar, justo nulla eleifend augue, ac auctor orci leo non est. Aliquam lobortis. Quisque ut nisi.</p>

<p>Donec vitae orci sed dolor rutrum auctor. Suspendisse non nisl sit amet velit hendrerit rutrum. Maecenas egestas arcu quis ligula mattis placerat. Vestibulum eu odio. In auctor lobortis lacus.</p>",42,https://backend.vactory.lecontenaire.com/sites/default/files/2022-08/test-576x576-2.jpeg,2019-06-19
14,نموذج 3 : لوريم ايبسوم دولار سيت أميت ,"<p>Fusce pharetra convallis urna. Praesent ut ligula non mi varius sagittis. Etiam sollicitudin, ipsum eu pulvinar rutrum, tellus ipsum laoreet sapien, quis venenatis ante odio sit amet eros. Vivamus elementum semper nisi. Vestibulum eu odio.</p>

<p>كونسيكتيتور أدايبا يسكينج أليايت,سيت دو أيوسمود تيمبور

أنكايديديونتيوت لابوري ات دولار ماجنا أليكيوا.</p>

<p>Donec quam felis, ultricies nec, pellentesque eu, pretium quis, sem. Vestibulum rutrum, mi nec elementum vehicula, eros quam gravida nisl, id fringilla neque ante vel mi. Nam commodo suscipit quam. Fusce fermentum odio nec arcu. Praesent ut ligula non mi varius sagittis.</p>

<p>Proin magna. Nam at tortor in tellus interdum sagittis. In turpis. Quisque id mi. Nullam accumsan lorem in dui.</p>",43,https://backend.vactory.lecontenaire.com/sites/default/files/2022-08/test_1400x790_2.jpeg,2019-06-19
15,نموذج 4 : لوريم ايبسوم دولار سيت أميت ,"<p>Etiam ultricies nisi vel augue. Aliquam erat volutpat. Nam adipiscing. Maecenas egestas arcu quis ligula mattis placerat. Curabitur vestibulum aliquam leo.</p>

<p>كونسيكتيتور أدايبا يسكينج أليايت,سيت دو أيوسمود تيمبور

أنكايديديونتيوت لابوري ات دولار ماجنا أليكيوا</p>

<p>Nulla porta dolor. Donec id justo. Suspendisse non nisl sit amet velit hendrerit rutrum. Vestibulum ante ipsum primis in faucibus orci luctus et ultrices posuere cubilia Curae; Sed aliquam, nisi quis porttitor congue, elit erat euismod orci, ac placerat dolor lectus quis orci. Fusce vulputate eleifend sapien.</p>",43,https://backend.vactory.lecontenaire.com/sites/default/files/2022-08/_test_800-900.jpg,2019-07-03
16,نموذج 5 : لوريم ايبسوم دولار سيت أميت ,"<p>Aenean ut eros et nisl sagittis vestibulum. Praesent turpis. Aenean ut eros et nisl sagittis vestibulum. Vestibulum volutpat pretium libero. Vivamus elementum semper nisi.</p>

<p>Cras sagittis. Fusce pharetra convallis urna. Etiam imperdiet imperdiet orci. Etiam sollicitudin, ipsum eu pulvinar rutrum, tellus ipsum laoreet sapien, quis venenatis ante odio sit amet eros. Donec id justo.</p>

<p>Etiam ultricies nisi vel augue. Vivamus in erat ut urna cursus vestibulum. Aliquam eu nunc. Pellentesque dapibus hendrerit tortor. Quisque id mi.</p>",44,https://backend.vactory.lecontenaire.com/sites/default/files/2022-07/event5.jpeg,2019-07-03
17,نموذج 6 : لوريم ايبسوم دولار سيت أميت ,"<p>Aliquam erat volutpat. Phasellus viverra nulla ut metus varius laoreet. Donec quam felis, ultricies nec, pellentesque eu, pretium quis, sem. Sed hendrerit. Cras varius.</p>

<p>Cras varius. Nulla neque dolor, sagittis eget, iaculis quis, molestie non, velit. Nam ipsum risus, rutrum vitae, vestibulum eu, molestie vel, lacus. Sed libero. Nunc nulla.</p>

<p>Maecenas egestas arcu quis ligula mattis placerat. Donec mollis hendrerit risus. Donec orci lectus, aliquam ut, faucibus non, euismod id, nulla. Nunc nulla. Aenean massa.</p>","44,43",https://backend.vactory.lecontenaire.com/sites/default/files/2022-07/event3.png,2019-07-03
18,نموذج 7 : لوريم ايبسوم دولار سيت أميت ,"<h2>loremoireo oeroeoroer</h2><p>Lorem ipsum dolor sit amet, consetetur sadipscing elitr, sed diam nonumy eirmod tempor invidunt ut labore et dolore magna aliquyam erat,</p><p>Lorem ipsum dolor sit amet, consetetur sadipscing elitr, sed diam nonumy eirmod tempor invidunt ut labore et dolore magna aliquyam erat,</p>","45,42",https://backend.vactory.lecontenaire.com/sites/default/files/2022-07/event7.jpeg,2020-07-10